<?xml version="1.0" encoding="UTF-8"?>
<config xmlns="http://www.knime.org/2008/09/XMLConfig" xmlns:xsi="http://www.w3.org/2001/XMLSchema-instance" xsi:schemaLocation="http://www.knime.org/2008/09/XMLConfig http://www.knime.org/XMLConfig_2008_09.xsd" key="MiningSchema">
    <config key="learning">
        <entry key="array-size" type="xint" value="14"/>
        <entry key="0" type="xstring" value="Column 0"/>
        <entry key="1" type="xstring" value="Column 1"/>
        <entry key="2" type="xstring" value="Column 2"/>
        <entry key="3" type="xstring" value="Column 3"/>
        <entry key="4" type="xstring" value="Column 4"/>
        <entry key="5" type="xstring" value="Column 5"/>
        <entry key="6" type="xstring" value="Column 6"/>
        <entry key="7" type="xstring" value="Column 7"/>
        <entry key="8" type="xstring" value="Column 8"/>
        <entry key="9" type="xstring" value="Column 9"/>
        <entry key="10" type="xstring" value="Column 10"/>
        <entry key="11" type="xstring" value="Column 11"/>
        <entry key="12" type="xstring" value="Column 12"/>
        <entry key="13" type="xstring" value="Column 13"/>
    </config>
    <config key="target">
        <entry key="array-size" type="xint" value="0"/>
    </config>
</config>
